instance,variant,distance,bks,gap_pct,feasible,iterations
X-n101-k25,v1.0,28014.0,27591.0,1.533108622376862,True,278
X-n101-k25,v2.0 full,27657.0,27591.0,0.23920843753397847,True,2060
X-n101-k25,v2.0 no bandit,27659.0,27591.0,0.24645717806531114,True,2048
X-n101-k25,v2.0 no exact steps,27657.0,27591.0,0.23920843753397847,True,2474
X-n157-k13,v1.0,17238.0,16876.0,2.1450580706328513,True,105
X-n157-k13,v2.0 full,16940.0,16876.0,0.3792367859682389,True,649
X-n157-k13,v2.0 no bandit,16915.0,16876.0,0.2310974164493956,True,623
X-n157-k13,v2.0 no exact steps,16938.0,16876.0,0.36738563640673144,True,806
X-n200-k36,v1.0,60380.0,58578.0,3.076240226706272,True,73
X-n200-k36,v2.0 full,59011.0,58578.0,0.7391853596913517,True,610
X-n200-k36,v2.0 no bandit,59282.0,58578.0,1.2018163815767011,True,632
X-n200-k36,v2.0 no exact steps,59036.0,58578.0,0.7818634982416607,True,757
