instance,seed,distance,feasible,time_to_best_s
A-n32-k5,1,784.0,True,0.022
A-n32-k5,2,784.0,True,0.021
A-n32-k5,3,784.0,True,0.055
A-n32-k5,4,784.0,True,0.023
A-n32-k5,5,784.0,True,0.036
A-n32-k5,6,784.0,True,0.024
A-n32-k5,7,784.0,True,0.057
A-n32-k5,8,784.0,True,0.033
A-n32-k5,9,784.0,True,0.038
A-n32-k5,10,784.0,True,0.082
B-n31-k5,1,672.0,True,0.015
B-n31-k5,2,672.0,True,0.01
B-n31-k5,3,672.0,True,0.011
B-n31-k5,4,672.0,True,0.013
B-n31-k5,5,672.0,True,0.014
B-n31-k5,6,672.0,True,0.014
B-n31-k5,7,672.0,True,0.012
B-n31-k5,8,672.0,True,0.014
B-n31-k5,9,672.0,True,0.014
B-n31-k5,10,672.0,True,0.014
P-n40-k5,1,458.0,True,0.093
P-n40-k5,2,458.0,True,0.076
P-n40-k5,3,458.0,True,0.059
P-n40-k5,4,458.0,True,0.066
P-n40-k5,5,458.0,True,0.069
P-n40-k5,6,458.0,True,0.064
P-n40-k5,7,458.0,True,0.053
P-n40-k5,8,458.0,True,0.074
P-n40-k5,9,458.0,True,0.066
P-n40-k5,10,458.0,True,0.071
